week,win_percentage
1,0.625
2,0.5625
3,0.75
4,0.375
5,0.3125
6,0.6428571428571429
7,0.46153846153846156
8,0.4666666666666667
9,0.8571428571428571
10,0.7857142857142857
11,0.7333333333333333
12,0.8
13,0.7142857142857143
14,0.7142857142857143
15,0.6875
